date,day_of_week,season,is_weekend,promo_type,customer_traffic,conversion_rate,transactions,units_carnes,units_verduras,units_frutas,units_lacteos,units_bebidas,inventory_index,restock_units,waste_units,total_sales,dominant_category,lacteos_supply_shock
2024-01-01,Monday,winter,0,discount,267,0.3168,73,66,41,51,35,25,807,0,2,1382.36,carnes,0
2024-01-02,Tuesday,winter,0,discount,286,0.2973,99,73,65,53,57,26,524,0,2,1692.13,carnes,0
2024-01-03,Wednesday,winter,0,discount,292,0.2914,82,101,50,39,36,23,612,346,5,1759.3,carnes,0
2024-01-04,Thursday,winter,0,discount,307,0.3015,79,59,73,36,37,16,638,258,4,1373.4,verduras,0
2024-01-05,Friday,winter,0,none,339,0.2956,91,73,65,59,54,31,704,352,1,1720.16,carnes,0
2024-01-06,Saturday,winter,1,seasonal,394,0.2804,128,107,74,75,72,84,564,286,8,2462.64,carnes,0
2024-01-07,Sunday,winter,1,none,267,0.295,81,42,41,39,31,43,679,306,3,1107.69,bebidas,0
2024-01-08,Monday,winter,0,none,263,0.3128,61,38,37,31,27,19,715,191,0,915.78,carnes,0
2024-01-09,Tuesday,winter,0,combo,270,0.2953,78,70,58,41,48,38,600,155,7,1573.56,carnes,0
2024-01-10,Wednesday,winter,0,discount,300,0.3239,90,75,47,34,37,23,657,270,2,1447.34,carnes,0
2024-01-11,Thursday,winter,0,none,299,0.3077,88,48,84,30,46,21,645,213,4,1342.28,verduras,0
2024-01-12,Friday,winter,0,none,353,0.287,98,113,96,59,72,50,600,345,7,2461.33,carnes,0
2024-01-13,Saturday,winter,1,combo,415,0.2686,113,77,70,66,53,62,665,390,1,1916.85,carnes,0
2024-01-14,Sunday,winter,1,none,326,0.2972,103,75,70,47,55,71,541,205,3,1853.68,carnes,0
2024-01-15,Monday,winter,0,combo,300,0.3095,98,87,71,45,62,30,567,329,3,1888.82,carnes,0
2024-01-16,Tuesday,winter,0,none,325,0.3053,91,81,88,52,57,37,550,303,8,1928.12,verduras,0
2024-01-17,Wednesday,winter,0,none,304,0.2922,94,115,56,37,54,25,578,320,6,2041.94,carnes,0
2024-01-18,Thursday,winter,0,none,311,0.2873,89,66,84,29,38,21,629,292,0,1501.76,verduras,0
2024-01-19,Friday,winter,0,none,368,0.2801,111,100,78,55,81,35,639,361,1,2222.76,carnes,0
2024-01-20,Saturday,winter,1,discount,403,0.2852,107,58,49,54,45,54,721,351,3,1497.9,carnes,0
2024-01-21,Sunday,winter,1,combo,316,0.2783,85,73,57,51,48,79,554,149,4,1783.83,bebidas,0
2024-01-22,Monday,winter,0,none,284,0.296,106,85,72,56,63,26,574,316,2,1916.3,carnes,0
2024-01-23,Tuesday,winter,0,none,289,0.2885,81,75,67,46,52,29,606,296,1,1694.11,carnes,0
2024-01-24,Wednesday,winter,0,none,296,0.2963,85,96,44,34,31,30,637,264,4,1667.82,carnes,0
2024-01-25,Thursday,winter,0,discount,338,0.2972,106,90,140,47,67,31,487,233,4,2288.39,verduras,0
2024-01-26,Friday,winter,0,discount,378,0.3008,117,69,86,56,59,31,681,503,4,1802.05,verduras,0
2024-01-27,Saturday,winter,1,none,407,0.2634,103,58,62,49,40,60,710,309,6,1535.55,verduras,0
2024-01-28,Sunday,winter,1,discount,423,0.2902,133,82,68,60,65,77,514,160,5,2058.91,carnes,0
2024-01-29,Monday,winter,0,none,326,0.2977,101,98,74,49,64,45,536,356,1,2111.54,carnes,0
2024-01-30,Tuesday,winter,0,discount,353,0.2852,94,59,60,45,37,28,636,334,4,1404.84,verduras,0
2024-01-31,Wednesday,winter,0,none,380,0.3077,109,127,51,51,60,26,558,234,2,2258.52,carnes,0
2024-02-01,Thursday,winter,0,none,303,0.3126,93,71,99,38,57,25,573,312,4,1784.18,verduras,0
2024-02-02,Friday,winter,0,none,354,0.3175,106,73,64,40,63,19,724,417,1,1664.09,carnes,0
2024-02-03,Saturday,winter,1,discount,394,0.2752,119,85,79,71,80,79,584,266,5,2278.65,carnes,0
2024-02-04,Sunday,winter,1,none,337,0.2783,96,63,57,48,46,74,572,286,4,1644.28,bebidas,0
2024-02-05,Monday,winter,0,none,256,0.3061,71,46,64,50,58,18,633,298,3,1378.31,verduras,0
2024-02-06,Tuesday,winter,0,combo,309,0.3073,118,118,94,62,93,46,449,237,3,2642.41,carnes,0
2024-02-07,Wednesday,winter,0,none,335,0.3016,100,125,79,44,52,24,552,421,2,2297.22,carnes,0
2024-02-08,Thursday,winter,0,none,382,0.2807,112,52,103,39,50,21,597,318,6,1551.62,verduras,0
2024-02-09,Friday,winter,0,none,369,0.2787,104,82,62,47,63,35,692,393,3,1841.17,carnes,0
2024-02-10,Saturday,winter,1,none,423,0.2966,137,63,52,61,49,71,684,298,4,1686.53,bebidas,0
2024-02-11,Sunday,winter,1,none,340,0.2956,103,68,76,50,62,60,547,186,3,1839.88,verduras,0
2024-02-12,Monday,winter,0,seasonal,318,0.3141,101,78,71,58,61,30,566,323,2,1861.99,carnes,0
2024-02-13,Tuesday,winter,0,discount,372,0.3222,118,96,87,66,75,32,517,304,4,2251.88,carnes,0
2024-02-14,Wednesday,winter,0,none,364,0.2798,99,121,58,55,50,21,561,353,5,2188.32,carnes,0
2024-02-15,Thursday,winter,0,combo,423,0.308,142,128,168,75,77,49,366,309,5,3096.2,verduras,0
2024-02-16,Friday,winter,0,none,452,0.2908,135,106,89,72,86,48,575,624,6,2509.18,carnes,0
2024-02-17,Saturday,winter,1,seasonal,474,0.2837,159,145,107,86,106,111,438,415,5,3398.65,carnes,0
2024-02-18,Sunday,winter,1,none,345,0.276,100,77,52,53,55,49,581,432,4,1776.0,carnes,0
2024-02-19,Monday,winter,0,none,314,0.2935,95,82,79,50,54,32,571,289,6,1886.61,carnes,0
2024-02-20,Tuesday,winter,0,none,286,0.2771,80,68,46,43,50,23,642,299,4,1495.5,carnes,0
2024-02-21,Wednesday,winter,0,combo,313,0.3275,97,136,70,40,55,41,526,228,2,2445.13,carnes,0
2024-02-22,Thursday,winter,0,none,338,0.2914,99,47,82,39,29,19,647,344,3,1292.2,verduras,0
2024-02-23,Friday,winter,0,none,379,0.2986,119,117,101,79,82,40,576,343,3,2681.74,carnes,0
2024-02-24,Saturday,winter,1,discount,439,0.278,107,71,55,38,72,63,689,414,5,1794.56,lacteos,0
2024-02-25,Sunday,winter,1,discount,393,0.2977,134,88,63,57,53,73,526,181,4,2041.48,carnes,0
2024-02-26,Monday,winter,0,none,328,0.2909,91,52,46,42,47,23,653,344,2,1299.06,carnes,0
2024-02-27,Tuesday,winter,0,seasonal,328,0.3355,101,79,71,59,78,32,554,217,2,1983.47,carnes,0
2024-02-28,Wednesday,winter,0,discount,380,0.2976,123,121,81,51,75,29,513,316,8,2446.87,carnes,0
2024-02-29,Thursday,winter,0,seasonal,442,0.2918,134,97,126,69,88,38,454,357,5,2562.01,verduras,0
2024-03-01,Friday,spring,0,none,355,0.3083,91,59,81,48,42,34,719,536,2,1568.02,verduras,0
2024-03-02,Saturday,spring,1,discount,451,0.2902,120,61,56,58,45,88,683,271,2,1706.11,bebidas,0
2024-03-03,Sunday,spring,1,none,391,0.3101,120,58,72,47,58,85,544,187,7,1758.88,bebidas,0
2024-03-04,Monday,spring,0,discount,316,0.3053,102,58,58,38,45,41,623,326,2,1444.73,carnes,0
2024-03-05,Tuesday,spring,0,none,329,0.2925,95,65,61,47,35,26,628,247,3,1476.95,carnes,0
2024-03-06,Wednesday,spring,0,none,355,0.276,93,89,37,37,49,31,619,242,4,1675.52,carnes,0
2024-03-07,Thursday,spring,0,none,357,0.2798,115,68,131,57,56,32,517,251,4,2013.68,verduras,0
2024-03-08,Friday,spring,0,none,437,0.2833,132,90,78,75,52,54,646,473,0,2135.71,carnes,0
2024-03-09,Saturday,spring,1,discount,448,0.2892,125,67,58,50,44,68,694,344,3,1683.29,bebidas,0
2024-03-10,Sunday,spring,1,none,384,0.2802,114,72,82,49,55,63,541,176,3,1889.76,verduras,0
2024-03-11,Monday,spring,0,combo,378,0.3215,108,62,74,49,38,44,606,329,3,1590.78,verduras,0
2024-03-12,Tuesday,spring,0,discount,417,0.3068,121,68,67,57,49,47,577,264,3,1726.14,carnes,0
2024-03-13,Wednesday,spring,0,none,421,0.3093,126,117,76,48,61,51,512,293,3,2351.7,carnes,0
2024-03-14,Thursday,spring,0,none,440,0.2959,121,70,108,67,52,45,531,358,1,1997.22,verduras,0
2024-03-15,Friday,spring,0,seasonal,453,0.2833,132,102,104,88,60,57,580,459,5,2507.1,verduras,0
2024-03-16,Saturday,spring,1,discount,536,0.2654,161,97,88,84,84,110,516,410,4,2656.33,bebidas,0
2024-03-17,Sunday,spring,1,discount,466,0.2654,127,90,78,73,55,107,464,354,4,2324.28,bebidas,0
2024-03-18,Monday,spring,0,none,381,0.2942,96,60,64,55,51,34,593,406,5,1586.95,verduras,0
2024-03-19,Tuesday,spring,0,none,352,0.308,110,82,92,69,64,45,512,277,5,2130.34,verduras,0
2024-03-20,Wednesday,spring,0,combo,387,0.302,133,150,85,63,74,54,435,358,4,2913.0,carnes,0
2024-03-21,Thursday,spring,0,discount,437,0.2961,109,63,136,52,41,39,538,435,1,1916.91,verduras,0
2024-03-22,Friday,spring,0,none,419,0.2819,116,67,71,68,56,38,691,452,3,1796.79,verduras,0
2024-03-23,Saturday,spring,1,combo,533,0.2752,166,85,78,69,77,125,546,299,8,2429.43,bebidas,0
2024-03-24,Sunday,spring,1,none,453,0.2604,130,73,66,65,52,80,524,324,5,1945.53,bebidas,0
2024-03-25,Monday,spring,0,combo,363,0.3009,105,81,75,65,53,45,540,346,5,1969.02,carnes,0
2024-03-26,Tuesday,spring,0,none,365,0.2832,94,64,72,55,48,40,580,330,3,1679.27,verduras,0
2024-03-27,Wednesday,spring,0,combo,404,0.2921,115,151,62,56,39,38,524,290,1,2559.36,carnes,0
2024-03-28,Thursday,spring,0,discount,438,0.302,137,113,169,99,92,51,332,346,9,3150.39,verduras,0
2024-03-29,Friday,spring,0,none,497,0.2856,126,106,96,87,66,58,575,658,4,2559.08,carnes,0
2024-03-30,Saturday,spring,1,none,602,0.2576,150,99,107,77,67,124,502,415,6,2712.5,bebidas,0
2024-03-31,Sunday,spring,1,none,465,0.2724,141,100,99,76,67,102,425,368,8,2610.57,bebidas,0
2024-04-01,Monday,spring,0,none,375,0.2975,116,68,72,56,60,48,563,445,3,1821.25,verduras,0
2024-04-02,Tuesday,spring,0,seasonal,374,0.3093,104,68,71,46,51,37,589,307,1,1691.13,verduras,0
2024-04-03,Wednesday,spring,0,none,398,0.2846,112,156,76,70,63,50,450,281,8,2915.51,carnes,0
2024-04-04,Thursday,spring,0,combo,436,0.2919,139,72,123,46,66,52,514,420,4,2113.58,verduras,0
2024-04-05,Friday,spring,0,discount,434,0.2984,131,104,77,78,58,52,618,476,0,2352.65,carnes,0
2024-04-06,Saturday,spring,1,discount,554,0.2811,163,92,90,73,55,92,577,372,3,2375.63,carnes,0
2024-04-07,Sunday,spring,1,none,405,0.2744,116,80,70,44,51,92,530,293,1,1997.39,bebidas,0
2024-04-08,Monday,spring,0,discount,364,0.3163,117,89,73,56,61,42,541,340,5,2054.16,carnes,0
2024-04-09,Tuesday,spring,0,none,366,0.2996,117,53,62,46,46,29,633,329,1,1431.76,verduras,0
2024-04-10,Wednesday,spring,0,discount,407,0.311,130,152,91,60,71,49,449,237,6,2945.96,carnes,0
2024-04-11,Thursday,spring,0,none,464,0.2878,135,77,129,78,52,41,490,421,3,2236.95,verduras,0
2024-04-12,Friday,spring,0,none,479,0.2839,142,78,91,57,59,43,651,500,7,2017.23,verduras,0
2024-04-13,Saturday,spring,1,none,520,0.2959,160,124,106,118,70,131,433,339,6,3225.44,bebidas,0
2024-04-14,Sunday,spring,1,discount,500,0.2844,153,70,77,57,59,94,507,437,7,2029.66,bebidas,0
2024-04-15,Monday,spring,0,discount,458,0.3185,150,104,121,98,77,66,400,363,6,2807.68,verduras,0
2024-04-16,Tuesday,spring,0,none,436,0.3078,139,98,90,76,90,55,461,470,2,2527.16,carnes,0
2024-04-17,Wednesday,spring,0,none,422,0.3009,117,106,78,54,45,30,551,409,5,2147.03,carnes,0
2024-04-18,Thursday,spring,0,discount,448,0.3077,164,96,218,100,91,63,301,319,9,3261.04,verduras,0
2024-04-19,Friday,spring,0,combo,464,0.3116,142,84,76,62,47,60,657,689,5,2033.27,carnes,0
2024-04-20,Saturday,spring,1,discount,523,0.2686,144,88,77,79,52,90,591,333,6,2286.01,bebidas,0
2024-04-21,Sunday,spring,1,seasonal,475,0.2921,133,88,68,79,80,109,448,279,4,2452.98,bebidas,0
2024-04-22,Monday,spring,0,none,373,0.2867,116,72,61,50,51,36,590,422,2,1717.19,carnes,0
2024-04-23,Tuesday,spring,0,discount,404,0.307,116,99,89,74,77,48,476,280,8,2441.33,carnes,0
2024-04-24,Wednesday,spring,0,none,450,0.2898,121,111,74,53,61,50,522,394,3,2335.78,carnes,0
2024-04-25,Thursday,spring,0,discount,446,0.2957,142,70,136,51,53,43,517,348,3,2097.29,verduras,0
2024-04-26,Friday,spring,0,combo,496,0.287,154,133,113,89,89,99,458,473,9,3242.78,carnes,0
2024-04-27,Saturday,spring,1,none,559,0.255,146,103,99,85,78,98,516,532,9,2759.67,carnes,0
2024-04-28,Sunday,spring,1,none,460,0.2642,117,70,71,56,49,81,540,354,3,1912.86,bebidas,0
2024-04-29,Monday,spring,0,none,405,0.3181,116,72,85,75,57,61,526,330,2,2062.53,verduras,0
2024-04-30,Tuesday,spring,0,none,465,0.2729,121,121,122,115,93,70,348,344,4,3196.78,verduras,0
2024-05-01,Wednesday,spring,0,none,398,0.3103,137,137,97,75,70,46,435,522,6,2882.23,carnes,0
2024-05-02,Thursday,spring,0,none,430,0.2873,113,78,118,64,69,50,484,435,2,2272.25,verduras,0
2024-05-03,Friday,spring,0,discount,500,0.3025,160,98,101,98,84,69,534,506,8,2710.67,verduras,0
2024-05-04,Saturday,spring,1,none,490,0.2431,123,80,79,67,58,99,602,456,2,2226.44,bebidas,0
2024-05-05,Sunday,spring,1,discount,453,0.2836,128,68,60,57,46,76,555,268,3,1814.38,bebidas,0
2024-05-06,Monday,spring,0,discount,390,0.3178,123,103,91,90,69,61,446,315,7,2581.62,carnes,0
2024-05-07,Tuesday,spring,0,none,407,0.3026,122,93,94,79,75,66,457,424,4,2482.4,verduras,0
2024-05-08,Wednesday,spring,0,none,386,0.284,107,90,52,58,51,31,578,413,2,1909.92,carnes,0
2024-05-09,Thursday,spring,0,discount,473,0.2952,121,81,144,64,67,51,460,292,7,2432.56,verduras,0
2024-05-10,Friday,spring,0,combo,472,0.2945,151,109,117,90,78,64,528,530,5,2838.69,verduras,0
2024-05-11,Saturday,spring,1,discount,590,0.2742,137,86,83,68,73,100,586,462,1,2408.37,bebidas,0
2024-05-12,Sunday,spring,1,none,461,0.2745,121,77,88,54,63,91,484,284,7,2185.67,bebidas,0
2024-05-13,Monday,spring,0,none,413,0.2957,119,96,85,83,83,53,461,386,2,2496.69,carnes,0
2024-05-14,Tuesday,spring,0,none,443,0.2827,112,74,72,54,44,41,574,409,3,1807.07,carnes,0
2024-05-15,Wednesday,spring,0,none,474,0.3042,150,208,96,92,86,66,308,296,7,3934.32,carnes,0
2024-05-16,Thursday,spring,0,discount,481,0.2977,135,99,138,81,66,53,421,562,7,2693.86,verduras,0
2024-05-17,Friday,spring,0,none,527,0.2979,156,98,96,82,68,56,578,569,5,2503.37,carnes,0
2024-05-18,Saturday,spring,1,none,582,0.2725,153,77,91,77,70,113,559,412,6,2418.83,bebidas,0
2024-05-19,Sunday,spring,1,discount,519,0.2569,120,86,75,60,57,92,490,311,2,2230.14,bebidas,0
2024-05-20,Monday,spring,0,discount,419,0.3204,147,110,111,81,71,47,451,380,1,2699.49,verduras,0
2024-05-21,Tuesday,spring,0,none,375,0.2833,120,91,75,64,69,64,508,419,1,2275.78,carnes,0
2024-05-22,Wednesday,spring,0,none,430,0.2751,122,99,65,40,37,29,608,362,0,1926.83,carnes,0
2024-05-23,Thursday,spring,0,none,404,0.2828,126,76,149,78,60,64,439,262,10,2482.28,verduras,0
2024-05-24,Friday,spring,0,none,466,0.3037,130,103,113,79,75,58,550,551,8,2682.02,verduras,0
2024-05-25,Saturday,spring,1,combo,538,0.2693,139,78,56,58,53,91,656,440,4,2017.07,bebidas,0
2024-05-26,Sunday,spring,1,discount,440,0.2904,127,94,86,68,64,98,459,214,1,2475.87,bebidas,0
2024-05-27,Monday,spring,0,combo,446,0.2926,136,97,91,84,73,64,463,411,6,2540.0,carnes,0
2024-05-28,Tuesday,spring,0,none,424,0.2845,110,114,94,66,76,53,458,407,2,2650.61,carnes,0
2024-05-29,Wednesday,spring,0,none,468,0.3069,156,147,86,63,65,42,467,412,5,2884.24,carnes,0
2024-05-30,Thursday,spring,0,none,509,0.2743,142,95,147,55,62,47,459,403,3,2550.15,verduras,0
2024-05-31,Friday,spring,0,none,527,0.2652,133,104,96,78,72,55,591,531,2,2587.54,carnes,0
2024-06-01,Saturday,summer,1,none,524,0.2596,114,59,65,60,55,86,666,399,5,1864.58,bebidas,0
2024-06-02,Sunday,summer,1,none,426,0.277,119,57,56,52,50,78,579,204,4,1708.16,bebidas,0
2024-06-03,Monday,summer,0,discount,403,0.289,122,80,102,95,78,69,435,291,7,2516.47,verduras,0
2024-06-04,Tuesday,summer,0,none,372,0.3044,127,87,111,94,64,83,416,435,10,2611.36,verduras,0
2024-06-05,Wednesday,summer,0,discount,415,0.2978,144,109,73,68,50,50,521,454,6,2383.49,carnes,0
2024-06-06,Thursday,summer,0,none,476,0.2951,137,78,144,65,59,72,445,349,10,2476.25,verduras,0
2024-06-07,Friday,summer,0,discount,481,0.3064,130,83,85,89,74,59,584,545,9,2390.73,frutas,0
2024-06-08,Saturday,summer,1,discount,534,0.2732,165,60,95,78,46,115,587,406,4,2159.84,bebidas,0
2024-06-09,Sunday,summer,1,combo,440,0.2819,125,74,50,54,44,84,563,283,4,1881.35,bebidas,0
2024-06-10,Monday,summer,0,none,360,0.3169,113,60,68,70,48,49,563,307,6,1779.9,frutas,0
2024-06-11,Tuesday,summer,0,none,393,0.2943,110,50,60,57,42,44,622,307,3,1515.58,verduras,0
2024-06-12,Wednesday,summer,0,combo,454,0.3062,128,105,45,72,40,48,549,248,5,2162.67,carnes,0
2024-06-13,Thursday,summer,0,discount,489,0.2934,121,65,125,83,43,51,499,321,8,2161.28,verduras,0
2024-06-14,Friday,summer,0,combo,520,0.2866,159,118,96,121,76,101,473,491,8,3161.29,frutas,0
2024-06-15,Saturday,summer,1,combo,586,0.2794,171,100,117,121,82,209,351,517,12,3452.34,bebidas,0
2024-06-16,Sunday,summer,1,discount,529,0.2796,150,74,82,81,58,117,456,519,8,2353.41,bebidas,0
2024-06-17,Monday,summer,0,none,411,0.2942,110,83,87,65,56,66,514,414,7,2228.78,verduras,0
2024-06-18,Tuesday,summer,0,none,411,0.2855,116,65,81,66,40,55,554,356,7,1868.39,verduras,0
2024-06-19,Wednesday,summer,0,none,402,0.2672,109,119,75,53,48,49,522,316,4,2444.09,carnes,0
2024-06-20,Thursday,summer,0,none,456,0.2822,140,51,128,67,40,63,507,348,8,1967.93,verduras,0
2024-06-21,Friday,summer,0,none,478,0.2812,130,96,104,92,86,69,531,483,12,2764.86,verduras,0
2024-06-22,Saturday,summer,1,combo,504,0.277,139,59,83,76,66,122,574,459,8,2223.52,bebidas,0
2024-06-23,Sunday,summer,1,none,442,0.2735,127,65,75,63,74,85,513,296,3,2115.38,bebidas,0
2024-06-24,Monday,summer,0,none,394,0.2868,114,57,64,74,56,51,553,357,7,1802.82,frutas,0
2024-06-25,Tuesday,summer,0,none,376,0.2964,106,71,65,76,60,54,535,317,8,2015.66,frutas,0
2024-06-26,Wednesday,summer,0,none,435,0.3134,132,137,89,78,68,73,426,335,3,3036.51,carnes,0
2024-06-27,Thursday,summer,0,none,435,0.2819,119,64,130,62,57,45,502,444,6,2147.16,verduras,0
2024-06-28,Friday,summer,0,combo,553,0.3001,169,96,128,103,61,89,500,488,10,2874.09,verduras,0
2024-06-29,Saturday,summer,1,combo,575,0.2785,163,81,100,72,53,124,545,490,7,2494.88,bebidas,0
2024-06-30,Sunday,summer,1,none,507,0.2748,131,73,76,62,48,91,513,325,5,2097.03,bebidas,0
2024-07-01,Monday,summer,0,none,384,0.3127,119,84,103,100,59,64,456,357,4,2501.94,verduras,0
2024-07-02,Tuesday,summer,0,seasonal,373,0.303,104,68,75,73,40,49,555,414,6,1896.91,verduras,0
2024-07-03,Wednesday,summer,0,discount,379,0.2956,112,122,66,60,46,45,514,315,10,2456.93,carnes,0
2024-07-04,Thursday,summer,0,none,404,0.294,128,58,127,85,52,54,492,356,5,2174.65,verduras,0
2024-07-05,Friday,summer,0,none,457,0.3128,149,92,111,100,79,72,521,498,9,2776.73,verduras,0
2024-07-06,Saturday,summer,1,discount,505,0.2624,147,92,95,95,66,122,501,469,12,2777.0,bebidas,0
2024-07-07,Sunday,summer,1,discount,470,0.2902,140,78,89,81,57,90,463,369,9,2359.7,bebidas,0
2024-07-08,Monday,summer,0,none,366,0.2868,102,57,73,55,45,48,581,407,5,1701.91,verduras,0
2024-07-09,Tuesday,summer,0,none,373,0.28,104,69,73,60,61,52,541,289,6,1969.21,verduras,0
2024-07-10,Wednesday,summer,0,none,363,0.2803,100,96,54,43,36,35,600,329,5,1927.6,carnes,0
2024-07-11,Thursday,summer,0,none,443,0.2902,112,68,114,65,50,45,526,270,9,2103.26,verduras,0
2024-07-12,Friday,summer,0,none,439,0.2923,136,105,103,95,75,88,511,464,6,2909.8,carnes,0
2024-07-13,Saturday,summer,1,none,540,0.2665,142,63,76,59,50,81,648,479,6,1951.72,bebidas,0
2024-07-14,Sunday,summer,1,none,471,0.2722,123,61,51,60,51,89,551,222,10,1840.73,bebidas,0
2024-07-15,Monday,summer,0,none,447,0.2866,126,72,85,79,55,67,499,319,9,2174.93,verduras,0
2024-07-16,Tuesday,summer,0,none,409,0.2714,110,72,89,74,64,56,512,371,7,2184.87,verduras,0
2024-07-17,Wednesday,summer,0,none,465,0.2977,137,107,65,70,59,65,501,358,6,2470.31,carnes,0
2024-07-18,Thursday,summer,0,discount,455,0.2949,132,58,110,60,45,47,548,369,1,1925.92,verduras,0
2024-07-19,Friday,summer,0,combo,408,0.2866,108,60,56,45,35,49,746,442,4,1563.56,carnes,0
2024-07-20,Saturday,summer,1,discount,486,0.2822,120,56,57,69,38,88,670,244,6,1782.26,bebidas,0
2024-07-21,Sunday,summer,1,none,429,0.2708,127,63,71,71,52,87,523,200,9,2019.48,bebidas,0
2024-07-22,Monday,summer,0,discount,363,0.3099,113,101,87,62,60,60,495,347,7,2465.6,carnes,0
2024-07-23,Tuesday,summer,0,none,346,0.3201,112,69,58,61,44,51,584,375,2,1813.7,carnes,0
2024-07-24,Wednesday,summer,0,none,380,0.2784,108,75,47,53,26,35,630,286,1,1642.2,carnes,0
2024-07-25,Thursday,summer,0,none,400,0.2917,127,46,106,52,51,62,552,240,7,1813.81,verduras,0
2024-07-26,Friday,summer,0,none,415,0.2924,115,69,65,62,40,35,711,438,2,1779.65,carnes,0
2024-07-27,Saturday,summer,1,none,499,0.2709,132,84,94,89,59,113,537,279,7,2603.15,bebidas,0
2024-07-28,Sunday,summer,1,none,437,0.2782,135,76,69,84,50,99,477,333,15,2261.82,bebidas,0
2024-07-29,Monday,summer,0,none,370,0.2882,105,58,69,55,51,42,598,393,5,1721.13,verduras,0
2024-07-30,Tuesday,summer,0,none,425,0.2954,110,84,84,74,59,63,494,272,8,2313.46,carnes,0
2024-07-31,Wednesday,summer,0,none,436,0.3043,124,107,92,79,70,51,464,376,7,2674.76,carnes,0
2024-08-01,Thursday,summer,0,none,401,0.314,120,65,132,68,61,45,494,406,8,2250.15,verduras,0
2024-08-02,Friday,summer,0,discount,412,0.2952,125,62,77,66,40,46,688,496,3,1816.56,verduras,0
2024-08-03,Saturday,summer,1,none,459,0.2756,145,78,104,98,60,138,499,302,11,2721.39,bebidas,0
2024-08-04,Sunday,summer,1,none,414,0.2865,130,75,81,72,51,119,469,371,5,2335.71,bebidas,0
2024-08-05,Monday,summer,0,none,349,0.2932,106,53,64,61,45,49,603,401,3,1658.93,verduras,0
2024-08-06,Tuesday,summer,0,none,329,0.3108,110,60,82,57,55,54,549,267,5,1888.69,verduras,0
2024-08-07,Wednesday,summer,0,combo,365,0.3106,120,148,71,79,58,52,449,321,9,3009.99,carnes,0
2024-08-08,Thursday,summer,0,none,359,0.2995,110,43,112,48,40,46,583,421,3,1684.86,verduras,0
2024-08-09,Friday,summer,0,none,435,0.2926,122,87,79,67,49,63,628,407,9,2246.72,carnes,0
2024-08-10,Saturday,summer,1,discount,428,0.2738,115,53,58,61,41,81,698,362,4,1721.85,bebidas,0
2024-08-11,Sunday,summer,1,discount,436,0.2907,137,68,78,78,49,107,485,172,7,2217.76,bebidas,0
2024-08-12,Monday,summer,0,none,380,0.3079,123,68,92,105,55,77,469,385,12,2341.39,frutas,0
2024-08-13,Tuesday,summer,0,discount,387,0.3149,117,81,88,102,55,65,472,401,8,2424.95,frutas,0
2024-08-14,Wednesday,summer,0,none,430,0.3041,122,118,69,66,57,60,489,398,11,2606.06,carnes,0
2024-08-15,Thursday,summer,0,none,445,0.2913,122,70,114,66,42,50,533,381,3,2135.66,verduras,0
2024-08-16,Friday,summer,0,combo,471,0.317,131,60,62,56,35,47,730,457,7,1656.17,verduras,0
2024-08-17,Saturday,summer,1,discount,510,0.2799,148,95,96,118,74,129,473,260,10,3041.79,bebidas,0
2024-08-18,Sunday,summer,1,discount,434,0.3103,122,73,77,67,62,75,510,397,5,2190.0,verduras,0
2024-08-19,Monday,summer,0,discount,352,0.3151,109,70,74,76,53,58,526,360,5,2070.48,frutas,0
2024-08-20,Tuesday,summer,0,discount,400,0.2931,122,68,104,87,50,67,483,344,5,2264.67,verduras,0
2024-08-21,Wednesday,summer,0,none,324,0.3014,95,82,43,52,34,42,615,387,4,1789.54,carnes,0
2024-08-22,Thursday,summer,0,none,349,0.3025,106,46,109,58,34,41,570,255,5,1711.93,verduras,0
2024-08-23,Friday,summer,0,none,379,0.3286,128,74,67,66,58,50,662,420,7,2040.75,carnes,0
2024-08-24,Saturday,summer,1,none,479,0.2821,153,89,78,84,58,134,541,328,8,2656.63,bebidas,0
2024-08-25,Sunday,summer,1,combo,415,0.3077,102,77,50,52,52,103,540,329,2,2079.53,bebidas,0
2024-08-26,Monday,summer,0,discount,334,0.3261,109,65,66,50,57,48,581,330,5,1841.59,verduras,0
2024-08-27,Tuesday,summer,0,combo,316,0.3103,106,81,78,55,46,57,542,289,5,2091.94,carnes,0
2024-08-28,Wednesday,summer,0,none,388,0.3058,128,118,74,83,66,67,456,328,7,2799.46,carnes,0
2024-08-29,Thursday,summer,0,none,367,0.2927,115,78,159,72,57,55,449,414,6,2603.25,verduras,0
2024-08-30,Friday,summer,0,none,414,0.2785,109,48,56,33,27,42,785,541,7,1319.78,verduras,0
2024-08-31,Saturday,summer,1,discount,497,0.2884,147,79,110,90,70,130,296,0,7,2785.9,bebidas,0
2024-09-01,Sunday,autumn,1,discount,356,0.3144,118,82,85,75,57,77,488,574,4,2350.21,verduras,0
2024-09-02,Monday,autumn,0,none,308,0.3095,92,36,53,37,26,19,690,382,4,1084.6,verduras,0
2024-09-03,Tuesday,autumn,0,none,336,0.3122,95,63,61,51,52,36,605,180,1,1718.03,carnes,0
2024-09-04,Wednesday,autumn,0,none,356,0.2865,103,129,77,68,66,41,490,265,2,2766.87,carnes,0
2024-09-05,Thursday,autumn,0,discount,364,0.2924,102,70,149,46,56,38,513,380,4,2259.22,verduras,0
2024-09-06,Friday,autumn,0,discount,433,0.2913,132,117,112,106,82,56,502,477,9,3122.19,carnes,0
2024-09-07,Saturday,autumn,1,none,402,0.2933,133,86,85,77,41,84,607,488,5,2348.71,carnes,0
2024-09-08,Sunday,autumn,1,discount,383,0.2809,124,79,91,66,44,95,486,263,4,2299.85,bebidas,0
2024-09-09,Monday,autumn,0,seasonal,294,0.3031,96,80,93,73,64,40,513,384,5,2274.01,verduras,0
2024-09-10,Tuesday,autumn,0,none,355,0.3026,116,87,78,71,59,44,531,357,4,2258.89,carnes,0
2024-09-11,Wednesday,autumn,0,none,328,0.3117,102,148,74,72,58,52,465,339,6,3000.14,carnes,0
2024-09-12,Thursday,autumn,0,discount,360,0.2969,106,69,129,63,55,45,501,405,8,2249.23,verduras,0
2024-09-13,Friday,autumn,0,seasonal,400,0.3116,114,90,85,74,53,52,635,489,3,2341.92,carnes,0
2024-09-14,Saturday,autumn,1,discount,463,0.2909,147,80,94,60,64,108,585,355,3,2461.74,bebidas,0
2024-09-15,Sunday,autumn,1,none,414,0.2722,128,100,98,68,61,102,438,285,2,2724.13,bebidas,0
2024-09-16,Monday,autumn,0,none,367,0.2963,117,76,66,68,52,48,564,432,2,2030.78,carnes,0
2024-09-17,Tuesday,autumn,0,combo,373,0.3022,109,76,59,53,45,50,585,306,3,1893.09,carnes,0
2024-09-18,Wednesday,autumn,0,none,355,0.3004,94,96,59,54,43,27,584,285,0,2049.07,carnes,0
2024-09-19,Thursday,autumn,0,combo,361,0.3194,102,63,74,35,40,40,613,286,2,1667.68,verduras,0
2024-09-20,Friday,autumn,0,combo,361,0.3246,126,102,74,40,51,65,645,377,5,2311.07,carnes,0
2024-09-21,Saturday,autumn,1,none,397,0.275,106,63,70,70,58,64,660,345,5,1999.05,verduras,0
2024-09-22,Sunday,autumn,1,discount,341,0.2731,90,46,45,37,39,56,645,210,6,1376.16,bebidas,0
2024-09-23,Monday,autumn,0,none,287,0.3075,97,56,62,67,50,40,592,225,1,1730.38,frutas,0
2024-09-24,Tuesday,autumn,0,none,299,0.3019,86,66,61,38,33,39,630,278,5,1611.78,carnes,0
2024-09-25,Wednesday,autumn,0,none,323,0.2839,99,119,62,52,50,30,544,240,6,2388.9,carnes,0
2024-09-26,Thursday,autumn,0,none,344,0.297,99,63,112,39,50,40,568,326,2,1943.23,verduras,0
2024-09-27,Friday,autumn,0,none,381,0.2782,124,90,67,55,69,46,656,422,2,2241.65,carnes,0
2024-09-28,Saturday,autumn,1,seasonal,471,0.2638,109,101,104,72,71,90,550,334,4,2814.29,verduras,0
2024-09-29,Sunday,autumn,1,none,419,0.2872,130,72,88,58,66,99,492,320,1,2318.84,bebidas,0
2024-09-30,Monday,autumn,0,none,379,0.3013,103,73,61,55,47,57,574,378,6,1921.98,carnes,0
2024-10-01,Tuesday,autumn,0,seasonal,294,0.3207,94,70,51,56,50,36,611,296,4,1783.13,carnes,0
2024-10-02,Wednesday,autumn,0,discount,333,0.2963,107,90,60,42,45,30,598,259,3,1958.02,carnes,0
2024-10-03,Thursday,autumn,0,discount,325,0.2998,84,49,114,45,32,27,595,272,1,1670.9,verduras,0
2024-10-04,Friday,autumn,0,none,320,0.2926,95,69,101,68,80,47,617,395,0,2295.52,verduras,0
2024-10-05,Saturday,autumn,1,discount,388,0.2956,114,44,38,33,35,45,798,373,2,1242.67,bebidas,0
2024-10-06,Sunday,autumn,1,combo,373,0.2808,104,71,45,36,35,58,555,0,2,1667.61,carnes,0
2024-10-07,Monday,autumn,0,combo,268,0.2995,84,60,68,44,40,30,629,315,6,1619.86,verduras,0
2024-10-08,Tuesday,autumn,0,discount,314,0.2984,95,43,60,49,36,29,655,241,0,1369.88,verduras,0
2024-10-09,Wednesday,autumn,0,none,308,0.3014,110,107,61,41,50,41,566,215,3,2237.46,carnes,0
2024-10-10,Thursday,autumn,0,none,304,0.2974,91,48,91,50,50,37,597,304,0,1704.21,verduras,0
2024-10-11,Friday,autumn,0,none,352,0.2963,114,100,86,67,52,51,632,393,3,2453.08,carnes,0
2024-10-12,Saturday,autumn,1,none,385,0.3005,104,84,76,61,61,78,628,358,5,2326.7,carnes,0
2024-10-13,Sunday,autumn,1,none,345,0.2799,90,59,56,61,50,72,559,242,6,1835.75,bebidas,0
2024-10-14,Monday,autumn,0,discount,350,0.2795,112,87,80,64,76,50,507,311,2,2384.09,carnes,0
2024-10-15,Tuesday,autumn,0,combo,335,0.2974,96,69,53,41,46,39,614,363,2,1708.07,carnes,0
2024-10-16,Wednesday,autumn,0,none,356,0.3073,114,99,64,63,47,40,559,256,4,2245.64,carnes,0
2024-10-17,Thursday,autumn,0,none,303,0.2975,85,56,87,49,44,35,590,311,3,1740.18,verduras,0
2024-10-18,Friday,autumn,0,none,382,0.306,127,118,109,109,83,49,515,400,8,3167.23,carnes,0
2024-10-19,Saturday,autumn,1,none,360,0.2787,103,76,73,52,49,87,659,475,1,2141.06,bebidas,0
2024-10-20,Sunday,autumn,1,none,309,0.2662,64,32,37,30,17,48,699,211,3,992.73,bebidas,0
2024-10-21,Monday,autumn,0,discount,297,0.2974,81,72,72,53,59,42,566,171,5,1989.0,carnes,0
2024-10-22,Tuesday,autumn,0,none,275,0.2875,71,50,38,43,33,27,674,304,4,1295.98,carnes,0
2024-10-23,Wednesday,autumn,0,discount,307,0.2941,75,81,40,41,35,25,644,196,2,1681.1,carnes,0
2024-10-24,Thursday,autumn,0,combo,318,0.2966,98,64,89,49,28,36,598,226,5,1766.23,verduras,0
2024-10-25,Friday,autumn,0,none,348,0.2888,104,54,64,56,44,38,733,392,4,1645.13,verduras,0
2024-10-26,Saturday,autumn,1,none,371,0.2915,127,55,70,40,37,63,717,257,1,1663.54,verduras,0
2024-10-27,Sunday,autumn,1,combo,358,0.3052,112,55,65,59,50,68,575,153,2,1820.21,bebidas,0
2024-10-28,Monday,autumn,0,none,288,0.3069,96,77,83,72,63,54,506,295,7,2268.86,verduras,0
2024-10-29,Tuesday,autumn,0,none,349,0.2826,93,75,74,54,43,33,586,364,3,1924.78,carnes,0
2024-10-30,Wednesday,autumn,0,none,355,0.315,115,102,52,46,25,22,627,284,2,1962.7,carnes,0
2024-10-31,Thursday,autumn,0,none,342,0.3014,117,85,145,81,48,39,462,243,6,2598.84,verduras,0
2024-11-01,Friday,autumn,0,combo,367,0.2812,98,62,68,50,43,53,706,528,4,1787.42,verduras,0
2024-11-02,Saturday,autumn,1,discount,355,0.302,99,58,61,53,51,61,697,284,1,1792.55,verduras,0
2024-11-03,Sunday,autumn,1,combo,340,0.271,105,87,59,50,52,78,541,173,4,2191.19,carnes,0
2024-11-04,Monday,autumn,0,none,269,0.309,69,56,43,55,48,40,627,329,4,1591.31,carnes,0
2024-11-05,Tuesday,autumn,0,discount,282,0.3168,89,86,76,54,47,38,559,243,6,2116.35,carnes,0
2024-11-06,Wednesday,autumn,0,none,288,0.286,76,80,49,30,32,27,654,311,3,1662.64,carnes,0
2024-11-07,Thursday,autumn,0,none,314,0.3037,95,58,95,49,28,34,597,216,3,1726.57,verduras,0
2024-11-08,Friday,autumn,0,none,314,0.264,80,50,56,41,48,35,761,393,4,1503.39,verduras,0
2024-11-09,Saturday,autumn,1,none,348,0.2998,94,68,53,49,40,64,490,0,2,1807.54,carnes,0
2024-11-10,Sunday,autumn,1,discount,372,0.2838,103,76,66,60,46,90,524,380,6,2154.99,bebidas,0
2024-11-11,Monday,autumn,0,discount,288,0.2898,81,54,24,37,43,16,696,346,2,1271.45,carnes,0
2024-11-12,Tuesday,autumn,0,none,277,0.2973,84,50,46,48,30,32,663,174,3,1373.38,carnes,0
2024-11-13,Wednesday,autumn,0,discount,329,0.3121,100,91,61,49,50,33,581,207,11,2081.34,carnes,0
2024-11-14,Thursday,autumn,0,combo,401,0.2895,104,83,120,62,46,34,517,289,9,2336.73,verduras,0
2024-11-15,Friday,autumn,0,discount,410,0.3009,124,114,112,86,68,64,537,473,5,3025.83,carnes,0
2024-11-16,Saturday,autumn,1,none,441,0.2853,120,61,74,44,57,50,698,453,2,1859.63,verduras,0
2024-11-17,Sunday,autumn,1,none,353,0.2941,100,51,50,47,42,66,621,172,1,1596.33,bebidas,0
2024-11-18,Monday,autumn,0,seasonal,263,0.2941,72,38,32,29,23,20,734,249,1,980.49,carnes,0
2024-11-19,Tuesday,autumn,0,discount,275,0.2955,84,50,49,48,28,21,677,136,5,1342.46,carnes,0
2024-11-20,Wednesday,autumn,0,discount,295,0.3144,83,73,41,34,25,24,675,193,0,1511.54,carnes,0
2024-11-21,Thursday,autumn,0,none,309,0.2737,98,50,86,43,37,26,624,195,4,1583.89,verduras,0
2024-11-22,Friday,autumn,0,combo,348,0.3099,96,80,57,65,38,41,707,366,6,1968.08,carnes,0
2024-11-23,Saturday,autumn,1,none,361,0.2872,91,48,45,25,34,51,787,283,2,1330.79,bebidas,0
2024-11-24,Sunday,autumn,1,none,328,0.2915,90,54,50,34,20,45,580,0,4,1373.56,carnes,0
2024-11-25,Monday,autumn,0,none,268,0.2962,73,66,65,60,31,28,612,290,2,1728.5,carnes,0
2024-11-26,Tuesday,autumn,0,seasonal,306,0.32,98,64,57,47,52,41,608,258,5,1766.28,carnes,0
2024-11-27,Wednesday,autumn,0,discount,321,0.2991,91,118,64,48,45,44,538,262,5,2449.33,carnes,0
2024-11-28,Thursday,autumn,0,none,364,0.3147,117,61,108,55,48,49,552,332,4,2044.21,verduras,0
2024-11-29,Friday,autumn,0,discount,396,0.2993,118,90,83,83,70,58,600,438,4,2566.7,carnes,0
2024-11-30,Saturday,autumn,1,none,431,0.2747,123,84,108,83,70,124,508,390,5,2865.22,bebidas,0
2024-12-01,Sunday,winter,1,discount,348,0.2949,96,74,43,48,51,69,585,362,1,1939.73,carnes,0
2024-12-02,Monday,winter,0,none,295,0.3009,83,57,50,31,35,29,663,285,1,1442.47,carnes,0
2024-12-03,Tuesday,winter,0,none,306,0.3069,78,73,45,38,53,26,640,207,3,1746.33,carnes,0
2024-12-04,Wednesday,winter,0,none,282,0.3136,84,81,43,42,39,28,627,230,4,1783.79,carnes,0
2024-12-05,Thursday,winter,0,none,324,0.3133,97,61,112,42,58,21,579,243,4,1980.86,verduras,0
2024-12-06,Friday,winter,0,discount,366,0.3115,105,88,66,49,57,16,716,411,5,2090.86,carnes,0
2024-12-07,Saturday,winter,1,discount,390,0.2777,101,56,56,31,54,49,746,274,2,1647.26,carnes,0
2024-12-08,Sunday,winter,1,none,329,0.296,99,80,56,39,40,73,582,124,3,1997.68,carnes,0
2024-12-09,Monday,winter,0,none,278,0.306,93,71,60,47,47,30,610,288,4,1827.95,carnes,0
2024-12-10,Tuesday,winter,0,none,278,0.3028,96,73,71,59,65,32,563,260,2,2081.84,carnes,0
2024-12-11,Wednesday,winter,0,none,304,0.316,99,119,67,54,55,24,544,307,4,2536.12,carnes,0
2024-12-12,Thursday,winter,0,discount,352,0.3141,104,55,90,46,46,27,598,326,1,1764.5,verduras,0
2024-12-13,Friday,winter,0,none,366,0.2953,114,104,82,56,71,44,637,392,2,2600.72,carnes,0
2024-12-14,Saturday,winter,1,none,423,0.2799,123,88,73,54,77,83,602,353,6,2517.78,carnes,0
2024-12-15,Sunday,winter,1,none,376,0.2812,105,76,72,54,70,82,508,268,3,2316.37,bebidas,0
2024-12-16,Monday,winter,0,none,295,0.311,97,91,95,54,62,34,525,362,4,2409.52,verduras,0
2024-12-17,Tuesday,winter,0,discount,325,0.3041,88,72,63,40,49,38,600,345,10,1868.64,carnes,0
2024-12-18,Wednesday,winter,0,none,333,0.3007,124,147,79,73,76,34,466,270,2,3214.27,carnes,0
2024-12-19,Thursday,winter,0,discount,346,0.3263,122,75,119,60,67,35,513,404,3,2397.78,verduras,0
2024-12-20,Friday,winter,0,none,343,0.3073,119,86,80,60,74,35,648,477,3,2371.78,carnes,0
2024-12-21,Saturday,winter,1,discount,413,0.2885,119,85,61,61,72,53,659,342,4,2318.46,carnes,0
2024-12-22,Sunday,winter,1,none,340,0.2793,94,48,58,40,54,55,602,211,5,1630.98,verduras,0
2024-12-23,Monday,winter,0,combo,278,0.2898,82,60,63,41,44,27,624,268,5,1655.85,verduras,0
2024-12-24,Tuesday,winter,0,none,282,0.3236,78,49,39,53,48,23,651,246,0,1454.96,frutas,0
2024-12-25,Wednesday,winter,0,combo,335,0.2987,102,96,47,26,55,29,609,219,0,2030.2,carnes,0
2024-12-26,Thursday,winter,0,discount,322,0.311,94,53,133,42,49,33,557,261,5,1997.88,verduras,0
2024-12-27,Friday,winter,0,none,406,0.2947,128,90,99,73,84,45,588,433,4,2688.68,verduras,0
2024-12-28,Saturday,winter,1,combo,464,0.2929,122,92,93,73,74,100,560,402,5,2826.98,bebidas,0
2024-12-29,Sunday,winter,1,none,384,0.2894,110,92,73,47,65,71,513,310,6,2436.02,carnes,0
2024-12-30,Monday,winter,0,none,352,0.307,107,99,97,75,88,26,473,357,10,2760.98,carnes,0
2024-12-31,Tuesday,winter,0,discount,330,0.3129,90,70,55,40,53,19,626,397,3,1765.03,carnes,0
2025-01-01,Wednesday,winter,0,none,309,0.2991,110,118,53,38,46,26,592,244,4,2345.58,carnes,0
2025-01-02,Thursday,winter,0,none,311,0.2975,83,49,72,23,23,22,669,278,6,1340.84,verduras,0
2025-01-03,Friday,winter,0,none,359,0.2742,93,86,68,66,69,28,671,321,5,2295.27,carnes,0
2025-01-04,Saturday,winter,1,none,415,0.2496,107,56,65,37,50,58,713,319,5,1752.45,verduras,0
2025-01-05,Sunday,winter,1,none,333,0.3021,108,103,78,59,55,94,470,157,5,2695.27,carnes,0
2025-01-06,Monday,winter,0,none,317,0.3238,92,68,70,55,68,29,582,400,2,2021.14,verduras,0
2025-01-07,Tuesday,winter,0,none,330,0.2911,95,84,92,57,62,52,524,288,4,2403.84,verduras,0
2025-01-08,Wednesday,winter,0,combo,360,0.309,102,115,47,42,66,36,556,346,2,2453.7,carnes,0
2025-01-09,Thursday,winter,0,none,349,0.2922,108,77,124,47,53,30,537,314,1,2306.26,verduras,0
2025-01-10,Friday,winter,0,none,384,0.3094,106,81,67,47,65,31,697,453,2,2125.95,carnes,0
2025-01-11,Saturday,winter,1,none,415,0.2911,126,100,69,58,73,80,608,293,5,2663.53,carnes,0
2025-01-12,Sunday,winter,1,none,383,0.2714,104,63,60,55,54,58,574,262,4,1932.97,carnes,0
2025-01-13,Monday,winter,0,discount,354,0.3051,120,113,78,61,70,34,510,296,6,2709.02,carnes,0
2025-01-14,Tuesday,winter,0,none,368,0.299,106,82,68,62,69,37,540,360,7,2266.43,carnes,0
2025-01-15,Wednesday,winter,0,discount,389,0.3005,134,169,78,47,73,34,462,330,6,3382.2,carnes,0
2025-01-16,Thursday,winter,0,none,406,0.2958,127,111,146,52,76,33,452,408,4,3040.0,verduras,0
2025-01-17,Friday,winter,0,discount,469,0.3053,137,109,83,61,90,48,601,538,1,2856.56,carnes,0
2025-01-18,Saturday,winter,1,discount,464,0.2755,131,89,79,61,72,94,590,389,3,2642.87,bebidas,0
2025-01-19,Sunday,winter,1,none,387,0.2746,105,93,62,47,72,66,521,280,4,2432.08,carnes,0
2025-01-20,Monday,winter,0,none,316,0.3321,101,66,59,49,57,28,609,349,5,1849.11,carnes,0
2025-01-21,Tuesday,winter,0,combo,342,0.2858,100,75,64,46,64,36,574,261,3,2048.58,carnes,0
2025-01-22,Wednesday,winter,0,discount,373,0.2926,121,123,66,52,45,26,548,296,9,2562.66,carnes,0
2025-01-23,Thursday,winter,0,none,368,0.2942,94,83,102,52,67,30,540,322,2,2384.35,verduras,0
2025-01-24,Friday,winter,0,none,364,0.295,95,78,56,53,47,32,723,450,0,1966.62,carnes,0
2025-01-25,Saturday,winter,1,discount,442,0.2685,121,91,89,59,72,91,574,267,10,2709.03,carnes,0
2025-01-26,Sunday,winter,1,combo,387,0.2681,105,77,62,43,53,67,571,296,5,2103.55,carnes,0
2025-01-27,Monday,winter,0,none,350,0.3071,104,78,67,60,45,42,583,299,1,2087.7,carnes,0
2025-01-28,Tuesday,winter,0,none,375,0.2929,105,88,89,63,73,31,517,287,1,2476.69,verduras,0
2025-01-29,Wednesday,winter,0,none,398,0.3157,105,104,54,33,36,23,625,353,3,2100.26,carnes,0
2025-01-30,Thursday,winter,0,none,431,0.2961,138,99,137,62,87,35,449,245,3,2973.45,verduras,0
2025-01-31,Friday,winter,0,none,466,0.2724,123,83,78,50,69,29,682,541,2,2259.82,carnes,0
2025-02-01,Saturday,winter,1,discount,479,0.2705,132,59,73,50,54,62,696,308,3,1956.4,verduras,0
2025-02-02,Sunday,winter,1,none,390,0.3112,140,98,71,51,85,76,486,174,5,2692.27,carnes,0
2025-02-03,Monday,winter,0,none,318,0.3101,95,66,82,57,61,27,580,384,2,2043.4,verduras,0
2025-02-04,Tuesday,winter,0,seasonal,341,0.2971,105,96,95,76,71,45,482,290,3,2723.72,carnes,0
2025-02-05,Wednesday,winter,0,none,349,0.2696,96,127,68,45,59,23,543,388,3,2676.24,carnes,0
2025-02-06,Thursday,winter,0,none,413,0.2972,128,97,140,70,63,53,434,327,10,2935.54,verduras,0
2025-02-07,Friday,winter,0,none,406,0.2878,119,93,85,56,75,42,639,556,1,2546.86,carnes,0
2025-02-08,Saturday,winter,1,none,481,0.2695,121,76,74,51,55,73,659,351,5,2239.96,carnes,0
2025-02-09,Sunday,winter,1,seasonal,414,0.2899,130,69,58,37,52,78,567,211,3,1993.89,bebidas,0
2025-02-10,Monday,winter,0,combo,370,0.3113,109,74,55,45,43,25,625,303,1,1832.81,carnes,0
2025-02-11,Tuesday,winter,0,none,336,0.2995,95,54,65,33,51,25,633,245,3,1614.96,verduras,0
2025-02-12,Wednesday,winter,0,none,390,0.2775,124,179,92,66,84,39,401,237,7,3803.1,carnes,0
2025-02-13,Thursday,winter,0,none,459,0.2979,130,76,125,49,58,31,527,469,4,2372.97,verduras,0
2025-02-14,Friday,winter,0,none,479,0.286,127,111,95,68,69,41,605,463,1,2863.5,carnes,0
2025-02-15,Saturday,winter,1,none,547,0.2828,146,122,108,84,85,106,479,385,5,3496.12,carnes,0
2025-02-16,Sunday,winter,1,none,450,0.2566,121,74,62,63,74,88,508,391,5,2383.26,bebidas,0
2025-02-17,Monday,winter,0,combo,402,0.2885,108,100,90,73,89,44,472,362,5,2850.31,carnes,0
2025-02-18,Tuesday,winter,0,none,393,0.3032,117,76,78,65,58,29,566,398,2,2193.37,verduras,0
2025-02-19,Wednesday,winter,0,none,384,0.3003,112,116,52,52,61,32,548,304,5,2539.24,carnes,0
2025-02-20,Thursday,winter,0,none,410,0.2911,113,54,95,38,48,20,612,322,4,1773.04,verduras,0
2025-02-21,Friday,winter,0,discount,453,0.2918,134,92,91,84,76,41,593,378,5,2722.06,carnes,0
2025-02-22,Saturday,winter,1,none,495,0.2672,131,83,72,70,56,81,633,397,3,2463.1,carnes,0
2025-02-23,Sunday,winter,1,none,387,0.2932,101,71,57,44,59,62,576,237,3,2042.24,carnes,0
2025-02-24,Monday,winter,0,discount,338,0.3025,101,78,76,50,54,33,572,294,4,2129.67,carnes,0
2025-02-25,Tuesday,winter,0,none,357,0.3032,118,110,82,69,76,45,479,298,8,2852.61,carnes,0
2025-02-26,Wednesday,winter,0,discount,427,0.3235,136,109,61,55,56,47,531,391,5,2544.06,carnes,0
2025-02-27,Thursday,winter,0,none,464,0.2836,120,82,126,56,57,43,493,339,5,2543.08,verduras,0
2025-02-28,Friday,winter,0,none,490,0.2831,150,117,93,64,85,34,588,497,8,2995.9,carnes,0
2025-03-01,Saturday,spring,1,none,472,0.2664,130,66,60,48,59,72,688,402,2,2038.03,bebidas,0
2025-03-02,Sunday,spring,1,combo,453,0.293,130,93,63,53,57,73,529,182,6,2419.58,carnes,0
2025-03-03,Monday,spring,0,combo,380,0.2941,102,70,78,71,53,64,523,341,4,2236.95,verduras,0
2025-03-04,Tuesday,spring,0,none,364,0.3012,114,84,71,64,60,46,538,347,7,2319.85,carnes,0
2025-03-05,Wednesday,spring,0,none,420,0.287,117,100,59,61,45,37,560,332,7,2323.23,carnes,0
2025-03-06,Thursday,spring,0,none,423,0.2931,127,80,136,58,68,53,469,310,6,2670.46,verduras,0
2025-03-07,Friday,spring,0,discount,468,0.2738,138,86,85,77,68,54,619,521,6,2567.71,carnes,0
2025-03-08,Saturday,spring,1,none,487,0.2816,135,85,89,66,58,99,596,371,3,2633.14,bebidas,0
2025-03-09,Sunday,spring,1,combo,472,0.2851,128,92,96,69,58,113,431,274,5,2830.36,bebidas,0
2025-03-10,Monday,spring,0,none,366,0.2909,96,64,60,51,42,41,617,439,3,1815.06,carnes,0
2025-03-11,Tuesday,spring,0,discount,387,0.2992,106,73,89,51,68,55,528,253,3,2298.83,verduras,0
2025-03-12,Wednesday,spring,0,none,389,0.2863,122,108,61,52,59,54,532,342,8,2545.27,carnes,0
2025-03-13,Thursday,spring,0,none,502,0.2902,171,104,184,94,78,67,329,338,10,3544.6,verduras,0
2025-03-14,Friday,spring,0,none,553,0.2732,157,109,88,93,84,77,518,661,13,3149.93,carnes,0
2025-03-15,Saturday,spring,1,combo,604,0.276,188,115,101,102,62,132,466,472,10,3422.95,bebidas,0
2025-03-16,Sunday,spring,1,none,517,0.2611,141,78,86,70,75,116,437,404,7,2719.69,bebidas,0
2025-03-17,Monday,spring,0,discount,431,0.2841,114,62,72,65,51,55,568,433,2,2036.53,verduras,0
2025-03-18,Tuesday,spring,0,discount,437,0.2982,120,68,104,68,50,48,535,302,4,2274.55,verduras,0
2025-03-19,Wednesday,spring,0,none,395,0.2912,117,110,72,54,56,35,544,335,3,2560.01,carnes,0
2025-03-20,Thursday,spring,0,none,423,0.3028,122,75,157,58,72,45,467,326,3,2729.9,verduras,0
2025-03-21,Friday,spring,0,none,500,0.2898,151,143,134,110,111,85,402,523,8,4130.42,carnes,0
2025-03-22,Saturday,spring,1,none,484,0.2581,130,47,71,54,46,63,711,588,2,1786.95,verduras,0
2025-03-23,Sunday,spring,1,none,468,0.277,123,74,103,76,65,93,448,159,3,2652.6,verduras,0
2025-03-24,Monday,spring,0,combo,415,0.3035,146,110,98,75,58,80,451,422,3,2994.15,carnes,0
2025-03-25,Tuesday,spring,0,none,417,0.291,123,110,104,94,92,56,412,419,5,3239.28,carnes,0
2025-03-26,Wednesday,spring,0,none,406,0.2965,122,77,39,45,37,32,635,458,2,1784.75,carnes,0
2025-03-27,Thursday,spring,0,none,496,0.3002,148,57,109,65,54,32,557,235,4,2116.23,verduras,0
2025-03-28,Friday,spring,0,none,481,0.3088,159,140,128,93,92,70,469,433,5,3812.85,carnes,0
2025-03-29,Saturday,spring,1,none,580,0.2788,152,87,94,83,88,115,508,521,13,3034.5,bebidas,0
2025-03-30,Sunday,spring,1,combo,552,0.265,150,136,98,96,80,134,329,362,4,3784.34,carnes,0
2025-03-31,Monday,spring,0,none,510,0.2828,147,70,61,54,49,35,607,541,2,1947.96,carnes,0
2025-04-01,Tuesday,spring,0,none,470,0.2852,133,69,65,66,56,46,567,263,5,2101.87,carnes,0
2025-04-02,Wednesday,spring,0,none,487,0.2804,153,122,71,54,59,51,509,303,3,2802.05,carnes,0
2025-04-03,Thursday,spring,0,none,464,0.2748,124,95,144,95,73,58,399,361,11,3174.7,verduras,0
2025-04-04,Friday,spring,0,discount,531,0.2739,161,114,113,91,71,64,527,591,3,3241.52,carnes,0
2025-04-05,Saturday,spring,1,discount,565,0.2772,167,92,92,68,53,109,562,463,6,2786.58,bebidas,0
2025-04-06,Sunday,spring,1,none,499,0.2599,120,77,66,53,44,73,549,308,1,2181.09,carnes,0
2025-04-07,Monday,spring,0,seasonal,414,0.2945,129,51,85,66,48,33,588,321,2,1885.89,verduras,0
2025-04-08,Tuesday,spring,0,seasonal,422,0.311,142,63,85,64,54,48,552,282,2,2125.49,verduras,0
2025-04-09,Wednesday,spring,0,discount,480,0.2879,136,178,91,77,76,70,374,318,7,3942.38,carnes,0
2025-04-10,Thursday,spring,0,none,480,0.3054,139,74,131,60,63,56,480,496,5,2590.7,verduras,0
2025-04-11,Friday,spring,0,none,506,0.2893,147,94,105,69,67,58,597,510,3,2785.7,verduras,0
2025-04-12,Saturday,spring,1,none,566,0.2556,142,90,92,75,69,84,567,393,6,2805.37,verduras,0
2025-04-13,Sunday,spring,1,none,532,0.2635,160,118,101,90,94,149,308,303,8,3696.59,bebidas,0
2025-04-14,Monday,spring,0,discount,485,0.2954,145,107,103,85,93,55,427,562,8,3175.25,carnes,0
2025-04-15,Tuesday,spring,0,discount,493,0.2773,139,91,90,76,79,48,484,443,4,2737.75,carnes,0
2025-04-16,Wednesday,spring,0,discount,564,0.2632,148,149,86,61,68,44,451,386,8,3317.59,carnes,0
2025-04-17,Thursday,spring,0,none,512,0.2831,141,82,136,77,76,41,447,419,3,2839.08,verduras,0
2025-04-18,Friday,spring,0,none,515,0.287,146,93,96,100,60,37,602,543,6,2766.15,frutas,0
2025-04-19,Saturday,spring,1,discount,614,0.2827,173,109,122,89,86,116,467,388,8,3525.12,verduras,0
2025-04-20,Sunday,spring,1,none,462,0.2911,143,69,79,67,56,78,515,403,2,2323.38,verduras,0
2025-04-21,Monday,spring,0,combo,411,0.3089,133,105,74,61,55,53,521,355,3,2634.69,carnes,0
2025-04-22,Tuesday,spring,0,none,448,0.2846,151,108,109,77,66,60,445,349,5,3045.37,verduras,0
2025-04-23,Wednesday,spring,0,none,466,0.2824,133,129,83,73,60,50,468,425,11,3082.22,carnes,0
2025-04-24,Thursday,spring,0,none,469,0.274,123,72,117,67,52,34,529,402,3,2385.64,verduras,0
2025-04-25,Friday,spring,0,none,496,0.2808,139,126,120,96,100,68,477,461,4,3680.59,carnes,0
2025-04-26,Saturday,spring,1,none,592,0.2631,144,81,76,80,64,90,590,513,6,2630.2,bebidas,0
2025-04-27,Sunday,spring,1,none,561,0.2875,161,101,122,106,80,120,335,280,8,3496.06,verduras,0
2025-04-28,Monday,spring,0,discount,490,0.3014,150,83,103,94,85,57,436,535,6,2881.1,verduras,0
2025-04-29,Tuesday,spring,0,discount,532,0.2696,134,80,81,58,70,55,526,434,4,2436.45,verduras,0
2025-04-30,Wednesday,spring,0,none,514,0.29,157,154,89,94,82,60,390,344,3,3731.99,carnes,0
2025-05-01,Thursday,spring,0,none,483,0.2876,135,64,102,57,59,36,543,480,4,2201.46,verduras,0
2025-05-02,Friday,spring,0,none,529,0.2862,151,79,77,74,64,42,648,447,6,2399.77,carnes,0
2025-05-03,Saturday,spring,1,none,576,0.2459,142,113,102,66,87,117,500,342,5,3376.01,bebidas,0
2025-05-04,Sunday,spring,1,none,463,0.2727,122,55,52,49,36,61,610,370,1,1720.26,bebidas,0
2025-05-05,Monday,spring,0,combo,433,0.291,119,84,66,67,55,54,538,260,1,2361.18,carnes,0
2025-05-06,Tuesday,spring,0,combo,461,0.2851,133,85,65,45,51,48,565,332,3,2209.68,carnes,0
2025-05-07,Wednesday,spring,0,discount,473,0.2903,141,159,90,79,74,60,402,305,5,3687.41,carnes,0
2025-05-08,Thursday,spring,0,none,475,0.2762,122,75,149,53,65,48,469,468,5,2678.05,verduras,0
2025-05-09,Friday,spring,0,none,510,0.2934,149,87,87,71,73,52,621,521,7,2645.3,carnes,0
2025-05-10,Saturday,spring,1,none,620,0.2759,179,125,109,107,99,162,374,369,8,4038.77,bebidas,0
2025-05-11,Sunday,spring,1,none,490,0.2581,120,75,60,58,57,80,533,496,2,2281.37,bebidas,0
2025-05-12,Monday,spring,0,none,444,0.3078,149,129,120,73,77,61,406,337,2,3457.91,carnes,0
2025-05-13,Tuesday,spring,0,none,484,0.2769,120,112,88,80,74,58,452,464,5,3060.49,carnes,0
2025-05-14,Wednesday,spring,0,discount,567,0.287,162,146,102,68,71,64,421,418,4,3532.83,carnes,0
2025-05-15,Thursday,spring,0,none,574,0.2685,178,117,208,117,109,90,219,449,9,4331.36,verduras,0
2025-05-16,Friday,spring,0,none,630,0.2699,161,105,114,99,79,62,518,771,6,3261.41,verduras,0
2025-05-17,Saturday,spring,1,discount,632,0.2824,181,136,108,87,72,134,445,472,6,3813.23,carnes,0
2025-05-18,Sunday,spring,1,none,541,0.2584,151,74,87,78,67,88,469,425,8,2621.36,bebidas,0
2025-05-19,Monday,spring,0,seasonal,434,0.2885,120,79,82,77,53,63,517,401,6,2470.9,verduras,0
2025-05-20,Tuesday,spring,0,discount,495,0.3077,143,100,111,84,68,60,446,353,5,3030.57,verduras,0
2025-05-21,Wednesday,spring,0,discount,483,0.2802,145,152,89,76,77,51,414,424,4,3576.66,carnes,0
2025-05-22,Thursday,spring,0,combo,483,0.2854,136,77,130,78,82,83,419,456,5,2977.65,verduras,0
2025-05-23,Friday,spring,0,none,487,0.2705,139,98,100,80,70,60,580,571,5,2936.85,verduras,0
2025-05-24,Saturday,spring,1,none,577,0.2695,157,71,89,78,62,102,574,410,8,2621.76,bebidas,0
2025-05-25,Sunday,spring,1,discount,551,0.2971,167,76,92,81,69,99,453,296,2,2753.06,bebidas,0
2025-05-26,Monday,spring,0,none,412,0.2936,116,83,82,79,66,51,501,417,5,2574.9,carnes,0
2025-05-27,Tuesday,spring,0,none,447,0.3053,142,88,89,74,77,58,488,369,2,2750.44,verduras,0
2025-05-28,Wednesday,spring,0,none,500,0.286,133,140,86,63,77,60,433,382,6,3376.47,carnes,0
2025-05-29,Thursday,spring,0,combo,549,0.2802,152,102,151,79,77,93,363,437,5,3449.24,verduras,0
2025-05-30,Friday,spring,0,combo,587,0.2885,173,143,137,104,89,103,400,627,8,4158.02,carnes,0
2025-05-31,Saturday,spring,1,none,666,0.2925,187,158,117,98,99,142,370,590,10,4430.75,carnes,0
2025-06-01,Sunday,summer,1,none,507,0.2878,155,89,106,100,65,127,382,500,9,3218.03,bebidas,0
2025-06-02,Monday,summer,0,combo,460,0.313,146,121,120,99,82,84,354,488,6,3663.71,carnes,0
2025-06-03,Tuesday,summer,0,none,431,0.2891,114,89,99,64,68,70,473,516,11,2789.83,verduras,0
2025-06-04,Wednesday,summer,0,none,438,0.2845,132,121,73,66,43,65,504,397,2,2915.25,carnes,0
2025-06-05,Thursday,summer,0,none,520,0.2677,152,81,123,75,59,58,461,366,7,2774.92,verduras,0
2025-06-06,Friday,summer,0,none,540,0.2837,141,98,110,84,71,72,549,529,9,3107.71,verduras,0
2025-06-07,Saturday,summer,1,discount,584,0.2744,159,65,76,77,51,100,604,441,11,2417.75,bebidas,0
2025-06-08,Sunday,summer,1,discount,520,0.2794,150,67,91,83,64,120,443,266,5,2719.99,bebidas,0
2025-06-09,Monday,summer,0,none,439,0.2948,137,110,102,105,66,72,407,427,8,3307.17,carnes,0
2025-06-10,Tuesday,summer,0,none,441,0.3114,160,87,86,96,60,76,454,463,8,2835.5,frutas,0
2025-06-11,Wednesday,summer,0,discount,475,0.2903,134,104,83,76,52,66,477,416,10,2859.38,carnes,0
2025-06-12,Thursday,summer,0,none,524,0.2979,155,86,190,96,78,84,331,393,6,3558.07,verduras,0
2025-06-13,Friday,summer,0,none,552,0.2867,159,75,115,111,77,74,517,659,13,3015.64,verduras,0
2025-06-14,Saturday,summer,1,none,693,0.242,171,109,142,128,99,151,340,473,13,4160.52,bebidas,0
2025-06-15,Sunday,summer,1,none,549,0.2745,141,88,105,99,69,123,383,530,11,3219.19,bebidas,0
2025-06-16,Monday,summer,0,none,476,0.3156,143,108,119,123,72,82,367,487,5,3554.51,frutas,0
2025-06-17,Tuesday,summer,0,none,468,0.293,128,98,102,74,70,61,452,503,9,2973.99,verduras,0
2025-06-18,Wednesday,summer,0,none,492,0.2685,124,88,60,63,40,38,567,418,8,2267.03,carnes,0
2025-06-19,Thursday,summer,0,seasonal,497,0.3074,177,113,215,104,85,98,236,303,16,4217.82,verduras,0
2025-06-20,Friday,summer,0,none,565,0.2822,153,96,105,92,70,88,527,754,6,3164.73,verduras,0
2025-06-21,Saturday,summer,1,none,546,0.2872,156,111,101,93,52,146,480,463,11,3470.54,bebidas,0
2025-06-22,Sunday,summer,1,discount,533,0.2664,147,65,82,87,61,106,462,390,8,2602.85,bebidas,0
2025-06-23,Monday,summer,0,none,385,0.3218,128,70,106,77,84,78,443,408,7,2788.18,verduras,0
2025-06-24,Tuesday,summer,0,combo,481,0.2966,138,83,80,63,53,53,530,427,11,2456.45,carnes,0
2025-06-25,Wednesday,summer,0,combo,468,0.2977,154,128,85,74,56,72,449,340,6,3251.68,carnes,0
2025-06-26,Thursday,summer,0,combo,490,0.2967,149,48,116,67,54,83,494,421,8,2327.42,verduras,0
2025-06-27,Friday,summer,0,none,520,0.2876,139,83,98,86,66,61,584,496,7,2794.1,verduras,0
2025-06-28,Saturday,summer,1,discount,690,0.2582,176,84,101,74,67,124,532,406,5,3017.38,bebidas,0
2025-06-29,Sunday,summer,1,none,524,0.2879,159,107,131,102,70,155,299,338,4,3791.81,bebidas,0
2025-06-30,Monday,summer,0,combo,469,0.3055,167,120,121,113,85,115,297,571,12,3904.8,verduras,0
2025-07-01,Tuesday,summer,0,none,419,0.2941,132,59,95,75,62,52,526,573,8,2334.22,verduras,0
2025-07-02,Wednesday,summer,0,none,436,0.2956,114,110,75,54,37,55,528,344,7,2666.55,carnes,0
2025-07-03,Thursday,summer,0,none,471,0.2871,129,62,119,59,44,46,533,342,9,2295.56,verduras,0
2025-07-04,Friday,summer,0,discount,503,0.2984,140,100,104,87,70,62,555,457,9,3103.28,verduras,0
2025-07-05,Saturday,summer,1,none,549,0.267,154,75,93,83,49,115,572,435,9,2755.06,bebidas,0
2025-07-06,Sunday,summer,1,discount,474,0.275,135,46,50,72,46,76,568,298,5,1881.45,bebidas,0
2025-07-07,Monday,summer,0,none,403,0.3126,118,45,60,53,55,39,618,302,7,1736.18,verduras,0
2025-07-08,Tuesday,summer,0,none,443,0.2991,133,91,91,70,67,57,483,252,13,2781.89,carnes,0
2025-07-09,Wednesday,summer,0,none,436,0.2807,131,104,69,84,45,53,512,387,9,2755.9,carnes,0
2025-07-10,Thursday,summer,0,none,453,0.3039,137,41,113,57,48,35,565,358,6,1949.51,verduras,0
2025-07-11,Friday,summer,0,none,510,0.2852,137,79,82,74,42,47,664,425,6,2393.7,verduras,0
2025-07-12,Saturday,summer,1,none,549,0.2683,151,70,53,70,45,81,672,326,5,2236.38,bebidas,0
2025-07-13,Sunday,summer,1,none,523,0.2237,108,66,80,59,29,91,541,198,8,2218.72,bebidas,0
2025-07-14,Monday,summer,0,none,488,0.279,136,87,95,69,69,80,456,329,11,2852.3,verduras,0
2025-07-15,Tuesday,summer,0,none,476,0.2792,128,104,102,105,66,67,425,414,8,3248.31,frutas,0
2025-07-16,Wednesday,summer,0,discount,533,0.2947,160,131,95,72,54,59,454,445,6,3301.89,carnes,0
2025-07-17,Thursday,summer,0,combo,567,0.2682,146,85,147,90,62,82,397,416,4,3202.01,verduras,0
2025-07-18,Friday,summer,0,discount,515,0.2712,150,95,103,87,84,80,533,593,15,3201.85,verduras,0
2025-07-19,Saturday,summer,1,discount,545,0.2925,170,103,125,119,90,167,374,457,16,3991.43,bebidas,0
2025-07-20,Sunday,summer,1,combo,454,0.3047,138,82,78,94,57,131,409,496,13,2951.15,bebidas,0
2025-07-21,Monday,summer,0,none,452,0.2747,111,65,75,72,53,47,553,461,2,2226.81,verduras,0
2025-07-22,Tuesday,summer,0,combo,421,0.3077,133,97,99,108,56,78,415,317,11,3138.19,frutas,0
2025-07-23,Wednesday,summer,0,none,429,0.2727,119,116,71,58,46,44,538,455,4,2781.47,carnes,0
2025-07-24,Thursday,summer,0,none,474,0.2982,156,78,170,75,59,74,404,332,10,3116.93,verduras,0
2025-07-25,Friday,summer,0,none,493,0.2944,132,72,84,82,63,62,612,586,9,2553.06,verduras,0
2025-07-26,Saturday,summer,1,none,526,0.2769,143,80,93,84,74,114,534,378,10,3003.69,bebidas,0
2025-07-27,Sunday,summer,1,seasonal,477,0.2809,120,43,68,62,32,62,599,336,6,1762.26,verduras,0
2025-07-28,Monday,summer,0,combo,471,0.3002,146,99,93,116,67,86,411,271,3,3280.62,frutas,0
2025-07-29,Tuesday,summer,0,none,469,0.2741,127,83,100,85,61,69,472,459,5,2832.47,verduras,0
2025-07-30,Wednesday,summer,0,discount,527,0.2797,144,114,81,87,52,78,455,398,5,3142.49,carnes,0
2025-07-31,Thursday,summer,0,none,522,0.2703,137,69,177,82,52,61,411,415,15,2982.6,verduras,0
2025-08-01,Friday,summer,0,none,471,0.2782,137,83,106,90,60,47,604,579,6,2804.51,verduras,0
2025-08-02,Saturday,summer,1,discount,502,0.2944,143,80,88,98,77,112,533,386,3,3067.36,bebidas,0
2025-08-03,Sunday,summer,1,none,436,0.2903,121,69,80,87,56,113,455,337,8,2682.53,bebidas,0
2025-08-04,Monday,summer,0,none,354,0.2911,99,58,74,72,42,38,582,415,8,2030.34,verduras,0
2025-08-05,Tuesday,summer,0,combo,393,0.3049,123,87,91,82,69,72,470,288,5,2889.24,verduras,0
2025-08-06,Wednesday,summer,0,discount,429,0.2886,121,116,55,72,44,62,517,400,5,2834.55,carnes,0
2025-08-07,Thursday,summer,0,none,438,0.2946,146,61,135,76,65,47,476,353,8,2630.26,verduras,0
2025-08-08,Friday,summer,0,combo,464,0.3055,133,78,73,84,65,81,605,514,3,2683.08,frutas,0
2025-08-09,Saturday,summer,1,none,476,0.2937,132,61,78,65,43,85,653,385,1,2255.59,bebidas,0
2025-08-10,Sunday,summer,1,discount,500,0.2871,143,85,95,95,17,120,442,217,12,2822.95,bebidas,1
2025-08-11,Monday,summer,0,none,404,0.3018,127,77,103,99,24,79,471,428,8,2659.11,verduras,1
2025-08-12,Tuesday,summer,0,none,427,0.2987,133,83,113,113,34,107,414,399,8,3049.31,verduras,1
2025-08-13,Wednesday,summer,0,discount,475,0.2857,134,133,91,88,29,67,450,456,10,3297.93,carnes,1
2025-08-14,Thursday,summer,0,combo,501,0.284,155,72,127,82,25,74,487,420,6,2628.3,verduras,1
2025-08-15,Friday,summer,0,combo,531,0.2915,149,102,106,109,20,115,532,503,9,3198.33,bebidas,1
2025-08-16,Saturday,summer,1,none,559,0.2548,150,82,114,121,24,132,514,458,8,3128.11,bebidas,1
2025-08-17,Sunday,summer,1,combo,464,0.2899,130,86,90,95,26,152,410,356,13,2998.8,bebidas,1
2025-08-18,Monday,summer,0,discount,399,0.3086,134,94,115,140,33,103,374,460,9,3342.81,frutas,1
2025-08-19,Tuesday,summer,0,discount,400,0.2952,116,76,117,80,14,60,519,496,8,2495.08,verduras,1
2025-08-20,Wednesday,summer,0,none,388,0.2958,114,98,68,65,19,53,565,351,6,2441.73,carnes,1
2025-08-21,Thursday,summer,0,none,411,0.3069,139,57,113,77,18,55,552,305,5,2197.59,verduras,1
2025-08-22,Friday,summer,0,discount,472,0.2905,133,80,98,109,30,74,587,438,9,2754.01,frutas,1
2025-08-23,Saturday,summer,1,discount,510,0.2774,156,78,126,106,36,159,484,403,6,3253.58,bebidas,1
2025-08-24,Sunday,summer,1,none,461,0.2774,133,57,68,76,18,88,546,386,10,2065.04,bebidas,1
2025-08-25,Monday,summer,0,none,396,0.2913,115,61,110,97,31,96,462,324,10,2590.06,verduras,1
2025-08-26,Tuesday,summer,0,none,379,0.3041,127,63,75,94,18,74,545,408,4,2228.94,frutas,1
2025-08-27,Wednesday,summer,0,none,392,0.3179,114,80,55,74,16,53,591,325,5,2148.55,carnes,1
2025-08-28,Thursday,summer,0,none,429,0.2864,127,54,142,85,17,84,477,279,8,2481.48,verduras,1
2025-08-29,Friday,summer,0,none,499,0.3063,145,91,134,140,28,79,502,513,7,3298.53,frutas,1
2025-08-30,Saturday,summer,1,discount,593,0.287,166,85,91,112,22,116,561,488,10,2926.41,bebidas,1
2025-08-31,Sunday,summer,1,none,471,0.2903,129,74,106,105,28,135,405,309,11,2937.52,bebidas,1
2025-09-01,Monday,autumn,0,discount,313,0.2971,93,52,76,64,16,44,607,465,2,1779.08,verduras,1
2025-09-02,Tuesday,autumn,0,discount,344,0.3205,93,56,82,82,23,56,575,263,3,2058.32,verduras,1
2025-09-03,Wednesday,autumn,0,none,352,0.291,88,83,66,53,16,37,604,295,3,2061.98,carnes,1
2025-09-04,Thursday,autumn,0,combo,416,0.3018,116,67,98,64,16,45,580,266,5,2120.61,verduras,1
2025-09-05,Friday,autumn,0,discount,437,0.2848,109,74,87,113,32,75,605,410,6,2636.54,frutas,1
2025-09-06,Saturday,autumn,1,discount,475,0.2998,135,86,102,74,79,108,543,385,1,3116.66,bebidas,0
2025-09-07,Sunday,autumn,1,discount,424,0.2677,108,67,49,47,51,66,587,327,0,2053.07,carnes,0
2025-09-08,Monday,autumn,0,none,322,0.3028,78,58,52,37,34,39,642,283,2,1675.56,carnes,0
2025-09-09,Tuesday,autumn,0,none,342,0.3058,100,68,86,53,58,42,548,228,7,2265.02,verduras,0
2025-09-10,Wednesday,autumn,0,discount,375,0.2995,114,92,71,56,43,31,581,322,3,2385.57,carnes,0
2025-09-11,Thursday,autumn,0,none,364,0.3064,106,57,96,64,50,42,552,289,3,2181.46,verduras,0
2025-09-12,Friday,autumn,0,discount,478,0.2777,134,103,93,81,82,59,565,438,5,3163.35,carnes,0
2025-09-13,Saturday,autumn,1,discount,520,0.2656,142,102,97,71,72,101,546,425,2,3227.07,carnes,0
2025-09-14,Sunday,autumn,1,combo,461,0.2964,124,99,71,69,65,129,431,324,3,3090.32,bebidas,0
2025-09-15,Monday,autumn,0,none,387,0.2839,109,80,79,79,67,66,506,439,1,2687.2,carnes,0
2025-09-16,Tuesday,autumn,0,discount,416,0.3184,121,120,106,79,95,52,418,364,5,3524.25,carnes,0
2025-09-17,Wednesday,autumn,0,none,410,0.2885,129,129,62,77,52,37,510,452,7,3044.89,carnes,0
2025-09-18,Thursday,autumn,0,combo,402,0.302,116,82,119,60,53,70,487,360,5,2777.44,verduras,0
2025-09-19,Friday,autumn,0,discount,438,0.3036,119,115,114,99,90,63,500,503,5,3625.28,carnes,0
2025-09-20,Saturday,autumn,1,discount,439,0.2956,127,73,90,76,61,99,580,490,4,2740.36,bebidas,0
2025-09-21,Sunday,autumn,1,discount,412,0.2925,110,59,52,46,41,69,606,290,4,1912.56,bebidas,0
2025-09-22,Monday,autumn,0,discount,325,0.3052,119,80,88,82,76,60,490,264,2,2797.0,verduras,0
2025-09-23,Tuesday,autumn,0,discount,316,0.3015,90,56,59,51,44,24,628,380,3,1778.01,verduras,0
2025-09-24,Wednesday,autumn,0,none,364,0.3075,110,121,73,55,58,23,531,242,2,2870.51,carnes,0
2025-09-25,Thursday,autumn,0,none,349,0.3114,100,49,72,42,48,34,631,339,2,1775.92,verduras,0
2025-09-26,Friday,autumn,0,none,352,0.2852,99,58,63,48,40,42,744,359,2,1861.11,verduras,0
2025-09-27,Saturday,autumn,1,none,448,0.2823,121,46,63,55,50,61,718,246,5,1875.38,verduras,0
2025-09-28,Sunday,autumn,1,none,424,0.278,120,58,77,61,38,93,543,152,4,2209.67,bebidas,0
2025-09-29,Monday,autumn,0,discount,364,0.2946,112,87,96,81,69,38,503,327,4,2810.3,verduras,0
2025-09-30,Tuesday,autumn,0,none,348,0.2898,94,70,64,68,56,46,556,367,4,2263.49,carnes,0
2025-10-01,Wednesday,autumn,0,none,343,0.3123,111,97,56,62,37,30,584,314,0,2373.73,carnes,0
2025-10-02,Thursday,autumn,0,discount,371,0.3047,106,57,118,60,57,22,546,286,4,2271.52,verduras,0
2025-10-03,Friday,autumn,0,combo,397,0.286,109,105,73,60,50,65,627,444,3,2800.19,carnes,0
2025-10-04,Saturday,autumn,1,discount,460,0.2829,155,80,85,79,59,114,564,363,7,2885.5,bebidas,0
2025-10-05,Sunday,autumn,1,none,355,0.2835,105,71,61,63,42,63,567,306,3,2216.72,carnes,0
2025-10-06,Monday,autumn,0,none,317,0.2979,93,85,71,59,64,60,527,303,2,2577.54,carnes,0
2025-10-07,Tuesday,autumn,0,seasonal,322,0.3103,94,48,48,50,28,19,680,343,3,1481.34,frutas,0
2025-10-08,Wednesday,autumn,0,none,339,0.2941,99,107,60,42,42,32,577,190,2,2474.53,carnes,0
2025-10-09,Thursday,autumn,0,none,361,0.3085,91,42,79,32,38,25,646,293,3,1573.78,verduras,0
2025-10-10,Friday,autumn,0,discount,406,0.3049,117,76,93,72,56,52,639,344,7,2573.13,verduras,0
2025-10-11,Saturday,autumn,1,combo,424,0.2707,106,87,72,59,46,118,602,351,3,2736.64,bebidas,0
2025-10-12,Sunday,autumn,1,none,402,0.296,125,85,93,63,53,79,488,268,8,2743.65,verduras,0
2025-10-13,Monday,autumn,0,none,345,0.3086,102,87,66,64,52,47,551,382,2,2479.49,carnes,0
2025-10-14,Tuesday,autumn,0,none,356,0.2813,108,84,78,47,52,45,568,319,1,2409.47,carnes,0
2025-10-15,Wednesday,autumn,0,none,409,0.3046,122,139,68,63,57,42,497,302,5,3226.6,carnes,0
2025-10-16,Thursday,autumn,0,none,401,0.2991,114,53,96,61,50,34,572,373,2,2104.01,verduras,0
2025-10-17,Friday,autumn,0,discount,449,0.299,129,108,103,83,66,55,563,418,4,3223.02,carnes,0
2025-10-18,Saturday,autumn,1,combo,443,0.3004,124,89,85,79,66,118,557,427,1,3087.05,bebidas,0
2025-10-19,Sunday,autumn,1,none,346,0.2983,105,62,58,60,38,69,581,313,3,2065.83,bebidas,0
2025-10-20,Monday,autumn,0,none,308,0.3144,102,63,58,55,41,34,619,289,4,1929.37,carnes,0
2025-10-21,Tuesday,autumn,0,none,296,0.295,88,63,60,46,42,34,628,251,3,1899.45,carnes,0
2025-10-22,Wednesday,autumn,0,none,338,0.3036,110,91,67,41,39,44,588,242,7,2327.6,carnes,0
2025-10-23,Thursday,autumn,0,none,384,0.2895,108,82,129,62,57,32,505,282,4,2755.26,verduras,0
2025-10-24,Friday,autumn,0,seasonal,353,0.3004,101,67,88,58,58,39,675,485,1,2314.03,verduras,0
2025-10-25,Saturday,autumn,1,discount,431,0.2937,135,98,99,76,59,104,539,315,11,3185.66,bebidas,0
2025-10-26,Sunday,autumn,1,seasonal,383,0.2865,114,71,67,77,47,88,516,331,4,2479.32,bebidas,0
2025-10-27,Monday,autumn,0,discount,313,0.297,91,60,80,63,55,33,579,354,3,2154.03,verduras,0
2025-10-28,Tuesday,autumn,0,discount,399,0.3182,146,85,89,78,66,48,496,291,4,2773.3,verduras,0
2025-10-29,Wednesday,autumn,0,none,366,0.2879,95,115,52,36,55,42,570,374,5,2649.19,carnes,0
2025-10-30,Thursday,autumn,0,discount,428,0.3027,133,66,132,60,52,43,511,300,5,2556.07,verduras,0
2025-10-31,Friday,autumn,0,none,462,0.2871,140,128,97,90,79,70,524,479,8,3667.14,carnes,0
2025-11-01,Saturday,autumn,1,none,433,0.3027,135,84,75,58,61,77,627,466,3,2657.52,carnes,0
2025-11-02,Sunday,autumn,1,discount,346,0.3004,105,91,84,62,58,87,492,243,4,2853.87,carnes,0
2025-11-03,Monday,autumn,0,none,307,0.2769,85,58,58,45,41,29,639,378,2,1793.54,carnes,0
2025-11-04,Tuesday,autumn,0,discount,343,0.3018,113,88,81,74,73,47,494,231,5,2793.96,carnes,0
2025-11-05,Wednesday,autumn,0,none,320,0.2882,86,48,33,20,21,16,732,376,1,1184.44,carnes,0
2025-11-06,Thursday,autumn,0,none,369,0.3077,113,48,95,52,36,33,608,138,1,1898.39,verduras,0
2025-11-07,Friday,autumn,0,combo,390,0.306,112,90,81,80,75,67,588,382,2,2951.8,carnes,0
2025-11-08,Saturday,autumn,1,none,424,0.2941,112,76,99,76,56,84,595,402,5,2789.87,verduras,0
2025-11-09,Sunday,autumn,1,none,343,0.2892,109,59,66,52,64,85,533,275,6,2277.84,bebidas,0
2025-11-10,Monday,autumn,0,none,286,0.297,75,41,41,33,30,28,699,337,1,1314.43,carnes,0
2025-11-11,Tuesday,autumn,0,none,329,0.3056,101,62,58,70,55,40,585,171,3,2128.0,frutas,0
2025-11-12,Wednesday,autumn,0,none,338,0.301,97,97,50,38,37,34,607,285,0,2257.02,carnes,0
2025-11-13,Thursday,autumn,0,none,391,0.2956,121,69,142,52,61,49,488,263,4,2710.12,verduras,0
2025-11-14,Friday,autumn,0,none,412,0.2897,120,86,68,92,54,59,634,502,5,2720.46,frutas,0
2025-11-15,Saturday,autumn,1,none,462,0.2735,124,88,75,69,52,86,621,356,4,2765.3,carnes,0
2025-11-16,Sunday,autumn,1,discount,411,0.2892,114,89,73,63,50,104,484,249,1,2796.02,bebidas,0
2025-11-17,Monday,autumn,0,none,347,0.3054,97,73,70,55,39,45,574,386,6,2193.25,carnes,0
2025-11-18,Tuesday,autumn,0,discount,351,0.321,122,88,89,88,80,55,457,296,5,3010.91,verduras,0
2025-11-19,Wednesday,autumn,0,none,343,0.3198,115,131,78,46,66,38,514,413,3,3162.16,carnes,0
2025-11-20,Thursday,autumn,0,none,329,0.2701,98,56,106,50,36,37,578,356,2,2092.28,verduras,0
2025-11-21,Friday,autumn,0,combo,389,0.299,105,100,61,60,38,49,675,412,3,2561.37,carnes,0
2025-11-22,Saturday,autumn,1,none,406,0.2561,98,56,57,46,45,66,718,315,3,1955.74,bebidas,0
2025-11-23,Sunday,autumn,1,discount,347,0.2828,88,47,61,42,40,55,631,152,2,1753.09,verduras,0
2025-11-24,Monday,autumn,0,discount,323,0.3017,97,60,60,50,46,47,599,239,2,1980.5,carnes,0
2025-11-25,Tuesday,autumn,0,none,337,0.3002,93,47,61,56,53,36,618,271,3,1837.22,verduras,0
2025-11-26,Wednesday,autumn,0,none,358,0.3264,126,146,70,80,63,42,466,252,5,3518.17,carnes,0
2025-11-27,Thursday,autumn,0,none,402,0.2853,126,71,121,53,49,51,523,404,6,2559.56,verduras,0
2025-11-28,Friday,autumn,0,none,369,0.3124,124,97,109,74,71,43,599,467,4,3084.58,verduras,0
2025-11-29,Saturday,autumn,1,combo,459,0.2962,143,123,87,89,78,130,470,391,8,3810.14,bebidas,0
2025-11-30,Sunday,autumn,1,discount,430,0.2811,118,74,61,62,39,81,547,400,7,2351.48,bebidas,0
2025-12-01,Monday,winter,0,combo,293,0.2914,88,110,65,51,52,40,546,323,5,2773.28,carnes,0
2025-12-02,Tuesday,winter,0,none,327,0.3072,112,90,95,74,69,41,496,324,3,2908.91,verduras,0
2025-12-03,Wednesday,winter,0,discount,341,0.3112,105,96,65,44,59,26,577,374,2,2522.5,carnes,0
2025-12-04,Thursday,winter,0,none,369,0.289,116,69,107,52,68,31,537,293,3,2510.02,verduras,0
2025-12-05,Friday,winter,0,discount,387,0.3097,129,114,85,79,77,43,587,453,7,3287.95,carnes,0
2025-12-06,Saturday,winter,1,none,410,0.2812,125,106,85,75,79,85,560,403,3,3339.01,carnes,0
2025-12-07,Sunday,winter,1,none,364,0.2676,99,78,82,50,58,74,526,310,5,2593.42,verduras,0
2025-12-08,Monday,winter,0,none,336,0.3261,116,77,77,63,55,34,552,344,5,2435.19,carnes,0
2025-12-09,Tuesday,winter,0,none,370,0.3024,102,75,82,46,69,34,553,318,8,2435.45,verduras,0
2025-12-10,Wednesday,winter,0,none,390,0.2848,104,124,59,56,52,26,547,317,4,2919.3,carnes,0
2025-12-11,Thursday,winter,0,none,367,0.3036,127,92,118,38,71,48,507,323,2,2928.86,verduras,0
2025-12-12,Friday,winter,0,discount,440,0.3109,128,97,102,68,88,35,592,483,4,3130.73,verduras,0
2025-12-13,Saturday,winter,1,none,467,0.2705,120,106,92,69,77,115,533,398,5,3467.05,bebidas,0
2025-12-14,Sunday,winter,1,discount,434,0.2863,124,102,78,73,82,94,435,337,7,3293.34,carnes,0
2025-12-15,Monday,winter,0,discount,372,0.3142,118,109,92,74,69,37,485,435,5,3163.78,carnes,0
2025-12-16,Tuesday,winter,0,discount,355,0.3235,121,97,79,50,77,35,522,385,5,2822.53,carnes,0
2025-12-17,Wednesday,winter,0,none,367,0.3034,103,108,51,44,51,32,583,348,4,2595.91,carnes,0
2025-12-18,Thursday,winter,0,none,364,0.3189,137,91,114,61,83,26,487,287,5,3013.86,verduras,0
2025-12-19,Friday,winter,0,none,394,0.2885,112,92,79,69,54,40,661,503,2,2726.48,carnes,0
2025-12-20,Saturday,winter,1,combo,475,0.2816,125,84,54,58,64,91,632,329,5,2676.57,bebidas,0
2025-12-21,Sunday,winter,1,none,336,0.29,91,77,45,41,57,57,591,238,3,2238.75,carnes,0
2025-12-22,Monday,winter,0,none,304,0.3063,99,93,73,52,74,40,535,279,3,2745.17,carnes,0
2025-12-23,Tuesday,winter,0,none,313,0.2903,96,68,37,40,49,24,641,335,4,1863.72,carnes,0
2025-12-24,Wednesday,winter,0,discount,333,0.3056,91,100,52,42,41,23,607,229,0,2377.02,carnes,0
2025-12-25,Thursday,winter,0,seasonal,362,0.3039,117,79,117,43,63,31,525,263,5,2651.82,verduras,0
2025-12-26,Friday,winter,0,discount,394,0.2965,114,111,100,68,84,57,567,465,1,3401.93,carnes,0
2025-12-27,Saturday,winter,1,none,429,0.265,105,69,55,53,53,72,684,423,1,2290.06,bebidas,0
2025-12-28,Sunday,winter,1,discount,430,0.2886,127,92,85,77,76,83,449,186,9,3142.35,carnes,0
2025-12-29,Monday,winter,0,none,352,0.3359,111,95,94,53,77,35,509,421,5,2914.11,carnes,0
2025-12-30,Tuesday,winter,0,discount,408,0.3114,117,104,111,74,94,47,432,361,8,3430.04,verduras,0
2025-12-31,Wednesday,winter,0,discount,421,0.3012,128,168,71,68,76,34,448,438,5,3916.8,carnes,0
